name,company,year,Price,kms_driven,fuel_type
Hyundai Santro Xing XO eRLX Euro III,Hyundai,2007,"80,000","45,000 kms",Petrol
Mahindra Jeep CL550 MDI,Mahindra,2006,"425,000",40 kms,Diesel
Maruti Suzuki Alto 800 Vxi,Maruti,2018,Ask For Price,"22,000 kms",Petrol
Hyundai Grand i10 Magna 1.2 Kappa VTVT,Hyundai,2014,"325,000","28,000 kms",Petrol
Ford EcoSport Titanium 1.5L TDCi,Ford,2014,"575,000","36,000 kms",Diesel
Ford EcoSport Titanium 1.5L TDCi,Ford,2015,Ask For Price,"59,000 kms",Diesel
Ford Figo,Ford,2012,"175,000","41,000 kms",Diesel
Hyundai Eon,Hyundai,2013,"190,000","25,000 kms",Petrol
Ford EcoSport Ambiente 1.5L TDCi,Ford,2016,"830,000","24,530 kms",Diesel
Maruti Suzuki Alto K10 VXi AMT,Maruti,2015,"250,000","60,000 kms",Petrol
Skoda Fabia Classic 1.2 MPI,Skoda,2010,"182,000","60,000 kms",Petrol
Maruti Suzuki Stingray VXi,Maruti,2015,"315,000","30,000 kms",Petrol
Hyundai Elite i20 Magna 1.2,Hyundai,2014,"415,000","32,000 kms",Petrol
Mahindra Scorpio SLE BS IV,Mahindra,2015,"320,000","48,660 kms",Diesel
Hyundai Santro Xing XO eRLX Euro III,Hyundai,2007,"80,000","45,000 kms",Petrol
Mahindra Jeep CL550 MDI,Mahindra,2006,"425,000",40 kms,Diesel
Audi A8,Audi,2017,"1,000,000","4,000 kms",Petrol
Audi Q7,Audi,2014,"500,000","16,934 kms",Diesel
Mahindra Scorpio S10,Mahindra,2016,"350,000","43,000 kms",Diesel
Maruti Suzuki Alto 800,Maruti,2014,"160,000","35,550 kms",Petrol
Mahindra Scorpio S10,Mahindra,2016,"350,000","43,000 kms",Diesel
Mahindra Scorpio S10,Mahindra,2016,"310,000","39,522 kms",Diesel
Maruti Suzuki Alto 800 Vxi,Maruti,2015,"75,000","39,000 kms",Petrol
Hyundai i20 Sportz 1.2,Hyundai,2012,"100,000","55,000 kms",Petrol
Hyundai i20 Sportz 1.2,Hyundai,2012,"100,000","55,000 kms",Petrol
Hyundai i20 Sportz 1.2,Hyundai,2012,"100,000","55,000 kms",Petrol
Maruti Suzuki Alto 800 Lx,Maruti,2017,"190,000","72,000 kms",Petrol
Maruti Suzuki Vitara Brezza ZDi,Maruti,2016,"290,000","15,975 kms",Diesel
Maruti Suzuki Alto LX,Maruti,2008,"95,000","70,000 kms",Petrol
Mahindra Bolero DI,Mahindra,2017,"180,000","23,452 kms",Diesel
Maruti Suzuki Swift Dzire ZDi,Maruti,2014,"385,000","35,522 kms",Diesel
Mahindra Scorpio S10 4WD,Mahindra,2015,"250,000","48,508 kms",Diesel
Maruti Suzuki Swift Vdi BSIII,Maruti,2017,"180,000","15,487 kms",Petrol
Maruti Suzuki Wagon R VXi BS III,Maruti,2013,"105,000","39,000 kms",Petrol
Maruti Suzuki Wagon R VXi Minor,Maruti,2013,"105,000","39,000 kms",Petrol
Toyota Innova 2.0 G 8 STR BS IV,Toyota,2012,"650,000","82,000 kms",Diesel
Renault Lodgy 85 PS RXL,Renault,2018,"689,999","20,000 kms",Diesel
Skoda Yeti Ambition 2.0 TDI CR 4x2,Skoda,2012,"448,000","68,000 kms",Diesel
Maruti Suzuki Baleno Delta 1.2,Maruti,2017,"549,000","32,000 kms",Diesel
Renault Duster 110 PS RxZ Diesel Plus,Renault,2012,"501,000","38,000 kms",Diesel
Renault Duster 85 PS RxE Diesel,Renault,2013,"489,999","27,000 kms",Diesel
Honda City 1.5 S MT,Honda,2011,"280,000","33,000 kms",Petrol
Maruti Suzuki Alto K10 VXi AMT,Maruti,2015,"250,000","60,000 kms",Petrol
Maruti Suzuki Dzire,Maruti,2013,"349,999","46,000 kms",Diesel
Honda Amaze,Honda,2013,"284,999","46,000 kms",Diesel
Honda Amaze 1.5 SX i DTEC,Honda,2015,"345,000","36,000 kms",Diesel
Honda City,Honda,2015,"499,999","55,000 kms",Petrol
Datsun Redi GO S,Datsun,2017,"235,000","16,000 kms",Petrol
Maruti Suzuki SX4 ZXI MT,Maruti,2010,"249,999","36,000 kms",Petrol
Mitsubishi Pajero Sport Limited Edition,Mitsubishi,2015,"1,475,000","47,000 kms",Diesel
Mahindra Bolero DI,Mahindra,2017,"180,000","23,452 kms",Diesel
Maruti Suzuki Swift Dzire ZDi,Maruti,2014,"385,000","35,522 kms",Diesel
Mahindra Scorpio S10 4WD,Mahindra,2015,"250,000","48,508 kms",Diesel
Maruti Suzuki Swift Vdi BSIII,Maruti,2017,"180,000","15,487 kms",Petrol
Maruti Suzuki Wagon R VXi BS III,Maruti,2013,"105,000","39,000 kms",Petrol
Maruti Suzuki Wagon R VXi Minor,Maruti,2013,"105,000","39,000 kms",Petrol
Mahindra Scorpio S10,Mahindra,2015,"395,000","35,000 kms",Diesel
Maruti Suzuki Swift VXi 1.2 ABS BS IV,Maruti,2017,"220,000","30,874 kms",Petrol
Honda City ZX CVT,Honda,2017,"170,000","15,000 kms",Diesel
Maruti Suzuki Wagon R LX BS IV,Maruti,2013,"85,000","29,685 kms",Petrol
Ford Figo,Ford,2012,"175,000","41,000 kms",Diesel
Hyundai Eon,Hyundai,2013,"190,000","25,000 kms",Petrol
Tata Indigo eCS LS CR4 BS IV,Tata,2017,"200,000","1,30,000 kms",Diesel
Ford EcoSport Ambiente 1.5L TDCi,Ford,2016,"830,000","24,530 kms",Diesel
Tata Indigo eCS LS CR4 BS IV,Tata,2017,"200,000","1,30,000 kms",Diesel
Mahindra Scorpio SLE BS IV,Mahindra,2012,"570,000","19,000 kms",Diesel
Volkswagen Polo Highline Exquisite P,Volkswagen,2014,"315,000","60,000 kms",Petrol
Skoda Fabia Classic 1.2 MPI,Skoda,2010,"182,000","60,000 kms",Petrol
Maruti Suzuki Stingray VXi,Maruti,2015,"315,000","30,000 kms",Petrol
I want to sell my car Tata Zest,I,2017,Ask For Price,,
Chevrolet Spark LS 1.0,Chevrolet,2010,"110,000","41,000 kms",Petrol
Renault Duster 110PS Diesel RxZ,Renault,2012,"501,000","35,000 kms",Diesel
Honda City,Honda,2015,"448,999","54,000 kms",Petrol
Mini Cooper S 1.6,Mini,2013,"1,891,111","13,000 kms",Petrol
Datsun Redi GO S,Datsun,2017,"235,000","16,000 kms",Petrol
Skoda Fabia 1.2L Diesel Ambiente,Skoda,2011,"159,500","38,200 kms",Diesel
Honda Amaze,Honda,2015,"344,999","22,000 kms",Petrol
Honda Amaze,Honda,2015,"344,999","22,000 kms",Petrol
Renault Duster,Renault,2014,"449,999","50,000 kms",Diesel
Mini Cooper S 1.6,Mini,2013,"1,891,111","13,500 kms",Petrol
Mahindra Scorpio S4,Mahindra,2015,"865,000","30,000 kms",Diesel
Mahindra Scorpio VLX 2WD BS IV,Mahindra,2014,"699,000","50,000 kms",Diesel
Mahindra Quanto C8,Mahindra,2013,"375,000","20,000 kms",Diesel
Ford EcoSport,Ford,2017,"489,999","39,000 kms",Petrol
Honda Brio,Honda,2012,"224,999","30,000 kms",Petrol
I want to sell my car Tata Zest,I,2017,Ask For Price,,
Volkswagen Vento Highline Plus 1.5 Diesel AT,Volkswagen,2019,"1,200,000","3,600 kms",Diesel
Hyundai i20 Magna,Hyundai,2009,"195,000","32,000 kms",Petrol
Toyota Corolla Altis Diesel D4DG,Toyota,2010,"351,000","38,000 kms",Diesel
Hyundai Verna Transform SX VTVT,Hyundai,2008,"160,000","45,000 kms",Petrol
Toyota Corolla Altis Petrol Ltd,Toyota,2009,"240,000","35,000 kms",Petrol
Honda City 1.5 EXi New,Honda,2005,"90,000","50,000 kms",Petrol
Hyundai Elite i20 Magna 1.2,Hyundai,2014,"415,000","32,000 kms",Petrol
Skoda Fabia 1.2L Diesel Elegance,Skoda,2011,"155,000","45,863 kms",Diesel
BMW 3 Series 320i,BMW,2011,"600,000","60,500 kms",Petrol
Maruti Suzuki A Star Lxi,Maruti,2011,"189,500","12,500 kms",Petrol
Toyota Etios GD,Toyota,2013,"350,000","60,000 kms",Diesel
Ford Figo Diesel EXI Option,Ford,2012,"210,000","35,000 kms",Diesel
Maruti Suzuki Swift Dzire VXi 1.2 BS IV,Maruti,2014,"390,000","35,000 kms",Petrol
Chevrolet Beat LT Diesel,Chevrolet,2012,"135,000","45,000 kms",Diesel
BMW 7 Series 740Li Sedan,BMW,2009,"1,600,000","35,000 kms",Petrol
Mahindra XUV500 W8 AWD 2013,Mahindra,2013,"701,000","38,000 kms",Diesel
Hyundai i10 Magna 1.2,Hyundai,2014,"265,000","18,000 kms",Petrol
Hyundai Verna Fluidic New,Hyundai,2015,"525,000","35,000 kms",Diesel
Maruti Suzuki Swift VXi 1.2 BS IV,Maruti,2013,"372,000","13,349 kms",Petrol
Maruti Suzuki Ertiga ZXI Plus,Maruti,2016,"635,000","29,000 kms",Petrol
Ford EcoSport Titanium 1.5L TDCi,Ford,2014,"550,000","44,000 kms",Diesel
Maruti Suzuki Ertiga Vxi,Maruti,2016,"575,000","29,000 kms",Petrol
Maruti Suzuki Ertiga VDi,Maruti,2013,"485,000","42,000 kms",Diesel
Maruti Suzuki Alto LXi BS III,Maruti,2012,"155,000","14,000 kms",Petrol
Hyundai Grand i10 Asta 1.1 CRDi,Hyundai,2014,"345,000","49,000 kms",Diesel
Honda Amaze 1.2 S i VTEC,Honda,2014,"325,000","42,000 kms",Petrol
Hyundai i20 Asta 1.4 CRDI 6 Speed,Hyundai,2012,"329,500","36,200 kms",Diesel
Ford Figo Diesel EXI,Ford,2014,"195,000","50,000 kms",Diesel
Maruti Suzuki Eeco 5 STR WITH AC HTR,Maruti,2015,"251,111","55,000 kms",Petrol
Maruti Suzuki Ertiga ZXi,Maruti,2014,"569,999","45,000 kms",Petrol
Maruti Suzuki Esteem LXi BS III,Maruti,2007,"69,999","51,000 kms",Petrol
Maruti Suzuki Ritz VXI,Maruti,2014,"299,999","19,000 kms",Petrol
Maruti Suzuki Dzire,Maruti,2009,"220,000","46,000 kms",Petrol
Maruti Suzuki Ritz LDi,Maruti,2013,"399,999","33,000 kms",Diesel
Maruti Suzuki Swift VXi 1.2 BS IV,Maruti,2013,"372,000","13,349 kms",Petrol
Maruti Suzuki Dzire VDI,Maruti,2015,"450,000","1,04,000 kms",Diesel
Toyota Etios Liva G,Toyota,2014,"270,000","55,000 kms",Petrol
Hyundai i20 Sportz 1.4 CRDI,Hyundai,2011,"350,000","33,333 kms",Diesel
Chevrolet Spark,Chevrolet,2012,"158,400","33,600 kms",Petrol
Maruti Suzuki Alto K10 VXi AMT,Maruti,2017,"350,000","5,600 kms",Petrol
Nissan Micra XV,Nissan,2011,"179,000","41,000 kms",Petrol
Maruti Suzuki Swift,Maruti,2007,"125,000","70,000 kms",Petrol
Maruti Suzuki Alto 800,Maruti,2018,"200,000","7,500 kms",Petrol
Honda Amaze 1.5 S i DTEC,Honda,2013,"299,000","45,000 kms",Diesel
Maruti Suzuki Alto 800 Vxi,Maruti,2015,"220,000","38,000 kms",Petrol
Chevrolet Beat,Chevrolet,2015,"150,000","30,000 kms",Petrol
Toyota Corolla,Toyota,2009,"275,000","26,000 kms",
Honda City 1.5 V MT,Honda,2010,"285,000","35,000 kms",Petrol
Ford EcoSport Trend 1.5L TDCi,Ford,2016,"830,000","24,330 kms",Diesel
Hyundai i20 Asta 1.2,Hyundai,2009,"210,000","65,480 kms",Petrol
Maruti Suzuki Swift Dzire VXi 1.2 BS IV,Maruti,2013,"340,000","41,000 kms",Petrol
Tata Indica V2 eLS,Tata,2006,"90,000","20,000 kms",Petrol
Maruti Suzuki Alto 800 Lxi,Maruti,2018,Ask For Price,"28,028 kms",Petrol
Hindustan Motors Ambassador,Hindustan,2000,"70,000","2,00,000 kms",Diesel
Toyota Corolla Altis 1.8 GL,Toyota,2010,"289,999","70,000 kms",Petrol
Toyota Corolla Altis 1.8 J,Toyota,2012,"349,999","59,000 kms",Petrol
Toyota Innova 2.5 GX BS IV 7 STR,Toyota,2012,"849,999","99,000 kms",Diesel
Volkswagen Jetta Highline TDI AT,Volkswagen,2014,"749,999","46,000 kms",Diesel
Volkswagen Polo Comfortline 1.2L P,Volkswagen,2015,"399,999","2,800 kms",Petrol
Volkswagen Polo,Volkswagen,2014,"274,999","32,000 kms",Petrol
Mahindra Scorpio,Mahindra,2015,"984,999","22,000 kms",Diesel
Renault Duster,Renault,2014,"449,999","50,000 kms",Diesel
Honda Amaze,Honda,2015,"344,999","22,000 kms",Petrol
Nissan Sunny,Nissan,2012,"224,999","45,000 kms",Petrol
Hyundai Elite i20,Hyundai,2018,"599,999","21,000 kms",Petrol
Renault Kwid,Renault,2016,"244,999","11,000 kms",Petrol
Renault Duster,Renault,2013,"399,999","41,000 kms",Diesel
Ford EcoSport,Ford,2017,"489,999","39,000 kms",Petrol
Renault Duster,Renault,2014,"474,999","50,000 kms",Diesel
Mahindra Scorpio VLX Airbag,Mahindra,2011,"499,999","66,000 kms",Diesel
Maruti Suzuki Alto 800 Lxi,Maruti,2018,"310,000","3,000 kms",Petrol
Chevrolet Spark LT 1.0,Chevrolet,2010,"85,000","45,000 kms",Petrol
Datsun Redi GO T O,Datsun,2016,"245,000","7,000 kms",Petrol
Maruti Suzuki Swift RS VDI,Maruti,2010,"189,500","38,500 kms",Diesel
Fiat Punto Emotion 1.2,Fiat,2012,"169,500","37,200 kms",Diesel
Maruti Suzuki Swift RS VDI,Maruti,2010,"159,500","43,200 kms",Diesel
Toyota Etios GD,Toyota,2013,"275,000","24,800 kms",Petrol
Hyundai i20 Sportz 1.4 CRDI,Hyundai,2014,"370,000","60,000 kms",Diesel
Hyundai i10 Sportz 1.2,Hyundai,2010,"168,000","45,872 kms",Petrol
Chevrolet Beat LT Opt Diesel,Chevrolet,2011,"150,000","40,000 kms",Diesel
Chevrolet Beat LS Diesel,Chevrolet,2011,"145,000","45,000 kms",Diesel
Chevrolet Beat LT Diesel,Chevrolet,2012,"98,500","38,000 kms",Diesel
Mahindra Scorpio VLX 2WD BS IV,Mahindra,2014,"699,000","50,000 kms",Diesel
Tata Indigo CS,Tata,2011,"85,000","11,400 kms",Diesel
Toyota Corolla Altis 1.8 J,Toyota,2015,"575,000","42,000 kms",Petrol
Honda City 1.5 V MT,Honda,2014,"549,000","39,000 kms",Petrol
Maruti Suzuki Swift VDi,Maruti,2011,"209,000","47,000 kms",Diesel
Hyundai Eon Era Plus,Hyundai,2013,"185,000","27,000 kms",Petrol
Mahindra Scorpio S10,Mahindra,2015,"900,000","97,200 kms",Diesel
Mahindra XUV500,Mahindra,2014,"699,999","52,000 kms",Diesel
Honda Brio,Honda,2012,"224,999","30,000 kms",Petrol
Ford Fiesta,Ford,2011,"274,999","55,000 kms",Diesel
Honda Amaze,Honda,2013,"284,999","46,000 kms",Diesel
Honda City,Honda,2015,"599,999","30,000 kms",Diesel
Maruti Suzuki Wagon R,Maruti,2012,"199,999","44,000 kms",Petrol
Honda City,Honda,2014,"544,999","45,000 kms",Diesel
Hyundai i20,Hyundai,2009,"199,000","31,000 kms",Petrol
Tata Indigo eCS LX TDI BS III,Tata,2016,"320,000","1,75,430 kms",Diesel
Hyundai Fluidic Verna 1.6 CRDi SX,Hyundai,2015,"540,000","38,000 kms",Diesel
BMW X1,BMW,2016,"4,679,000","10,000 kms",Diesel
Mahindra Quanto C8,Mahindra,2013,"340,000","37,000 kms",Diesel
Fiat Petra ELX 1.2 PS,Fiat,2008,"75,000","65,000 kms",Petrol
Skoda Fabia 1.2L Diesel Ambiente,Skoda,2011,"159,500","38,200 kms",Diesel
Mini Cooper S 1.6,Mini,2013,"1,891,111","13,000 kms",Petrol
Hyundai Santro Xing XS,Hyundai,2005,"49,000","7,500 kms",Petrol
Maruti Suzuki Ciaz VXi Plus,Maruti,2016,"700,000","3,350 kms",Petrol
Maruti Suzuki Zen VX,Maruti,2000,"55,000","60,000 kms",Petrol
Honda City,Honda,2015,"448,999","54,000 kms",Petrol
Hyundai Creta 1.6 SX Plus Petrol,Hyundai,2017,"895,000","32,000 kms",Petrol
Tata indigo ecs LX,Tata,2000,"150,000","29,000kms",Petrol
Mahindra Scorpio SLX,Mahindra,2007,"355,000","75,000 kms",Diesel
Mahindra Scorpio SLE BS IV,Mahindra,2012,"565,000","62,000 kms",Diesel
Toyota Innova 2.5 G BS III 8 STR,Toyota,2006,"365,000","73,000 kms",Diesel
Maruti Suzuki Alto K10 VXi AMT,Maruti,2011,"145,000","41,000 kms",Petrol
Maruti Suzuki Wagon R LXI BS IV,Maruti,2011,"210,000","35,000 kms",Petrol
Tata Nano Cx BSIV,Tata,2013,"40,000","2,200 kms",Petrol
Maruti Suzuki Alto Std BS IV,Maruti,2013,"125,000","39,000 kms",Petrol
Maruti Suzuki Wagon R LXi BS III,Maruti,2009,"135,000","45,000 kms",Petrol
Maruti Suzuki Swift VXI BSIII,Maruti,2006,"135,000","45,000 kms",Petrol
Tata Sumo Victa EX 10 by 7 Str BSIII,Tata,2012,"285,000","65,000 kms",Diesel
MARUTI SUZUKI DESI,MARUTI,2011,"400,000","40,000kms",Petrol
Maruti Suzuki Wagon R LXi BS III,Maruti,2010,"145,000","54,870 kms",Petrol
Maruti Suzuki Alto LXi BS III,Maruti,2010,"135,000","34,580 kms",Petrol
Volkswagen Passat Diesel Comfortline AT,Volkswagen,2009,"450,000","97,000 kms",Diesel
Renault Scala RxL Diesel Travelogue,Renault,2015,"375,000","25,000 kms",Diesel
Mahindra Quanto C8,Mahindra,2013,"375,000","20,000 kms",Diesel
Hyundai Grand i10 Sportz O 1.2 Kappa VTVT,Hyundai,2014,"365,000","20,000 kms",Petrol
Hyundai i20 Active 1.2 SX,Hyundai,2015,"500,000","18,000 kms",Petrol
Mahindra Xylo E4,Mahindra,2012,"400,000","35,000 kms",Diesel
Mahindra Jeep MM 550 XDB,Mahindra,2019,"390,000",60 kms,Diesel
Renault Duster 110PS Diesel RxZ,Renault,2012,"501,000","35,000 kms",Diesel
Mahindra Bolero SLE BS IV,Mahindra,2013,"330,000","80,200 kms",Diesel
Force Motors Force One LX ABS 7 STR,Force,2015,"580,000","3,200 kms",Diesel
Maruti Suzuki SX4,Maruti,2012,"265,000","46,000 kms",Diesel
Mahindra Jeep CL550 MDI,Mahindra,2019,"379,000","0,000 kms",Diesel
Maruti Suzuki Alto 800,Maruti,2015,"219,000","5,000 kms",Petrol
Mahindra Jeep CL550 MDI,Mahindra,2018,"385,000",588 kms,Diesel
Toyota Etios,Toyota,2011,"275,000","36,000 kms",Diesel
Volkswagen Polo,Volkswagen,2015,"330,000","38,000 kms",Diesel
Honda City ZX VTEC,Honda,2008,"110,000","45,000 kms",Petrol
Maruti Suzuki Wagon R LX BS III,Maruti,2006,"80,000","71,200 kms",Petrol
Honda City VX O MT Diesel,Honda,2016,"519,000","52,000 kms",Diesel
Mahindra Thar CRDe 4x4 AC,Mahindra,2016,"730,000","29,000 kms",Diesel
Mitsubishi Pajero Sport Limited Edition,Mitsubishi,2015,"1,475,000","47,000 kms",Diesel
Audi A4 1.8 TFSI Multitronic Premium Plus,Audi,2009,"699,000","47,000 kms",Petrol
Mercedes Benz GLA Class 200 CDI Sport,Mercedes,2015,"2,000,000","20,000 kms",Diesel
Land Rover Freelander 2 SE,Land,2015,"2,100,000","30,000 kms",Diesel
Renault Kwid RXT,Renault,2017,"340,000","5,000 kms",Petrol
Tata Aria Pleasure 4X2,Tata,2014,"390,000","35,000 kms",Diesel
Mercedes Benz B Class B180 Sports,Mercedes,2014,"1,400,000","31,000 kms",Petrol
Datsun GO T O,Datsun,2016,"245,000","7,000 kms",Petrol
Tata Indigo eCS LX TDI BS III,Tata,2016,"320,000","1,75,430 kms",Diesel
Tata Indigo eCS LX TDI BS III,Tata,2016,"320,000","1,75,400 kms",Diesel
Honda Jazz VX MT,Honda,2016,"450,000","41,000 kms",Petrol
Honda Amaze 1.2 S i VTEC,Honda,2014,"311,000","33,000 kms",Petrol
Honda Amaze,Honda,2013,"284,999","46,000 kms",Diesel
Honda City,Honda,2012,"399,999","45,000 kms",Petrol
Honda City,Honda,2015,"599,999","39,000 kms",Diesel
Honda Amaze,Honda,2015,"344,999","22,000 kms",Petrol
Audi A4 1.8 TFSI Multitronic Premium Plus,Audi,2009,"699,000","47,000 kms",Petrol
Force Motors Force One LX ABS 7 STR,Force,2015,"580,000","3,200 kms",Diesel
Mahindra Scorpio S4,Mahindra,2015,"855,000","30,000 kms",Diesel
Hyundai i20 Active 1.4L SX O,Hyundai,2015,"535,000","37,000 kms",Diesel
Mini Cooper S,Mini,2013,"1,891,111","13,000 kms",Petrol
Maruti Suzuki Ciaz ZXI Plus,Maruti,2017,"699,000","14,000 kms",Petrol
Chevrolet Tavera Neo,Chevrolet,2013,"375,000","55,000 kms",Diesel
Honda Amaze,Honda,2013,"284,999","46,000 kms",Diesel
Hyundai Eon Sportz,Hyundai,2012,"178,000","30,000 kms",Petrol
Tata Sumo Gold Select Variant,Tata,2013,"300,000","50,000 kms",Diesel
Maruti Suzuki Wagon R 1.0,Maruti,2003,"90,000","45,000 kms",Petrol
Maruti Suzuki Esteem VXi BS III,Maruti,2006,"95,000","45,000 kms",Petrol
Maruti Suzuki Eeco 5 STR WITH AC HTR,Maruti,2015,"255,000","9,300 kms",Petrol
Chevrolet Enjoy 1.4 LS 8 STR,Chevrolet,2013,"245,000","55,000 kms",Diesel
Hyundai i20 Asta 1.4 CRDI 6 Speed,Hyundai,2012,"329,500","36,200 kms",Diesel
Ford Figo Diesel EXI,Ford,2014,"195,000","50,000 kms",Diesel
Maruti Suzuki Eeco 5 STR WITH AC HTR,Maruti,2015,"251,111","55,000 kms",Petrol
Maruti Suzuki Ertiga ZXi,Maruti,2014,"569,999","45,000 kms",Petrol
Maruti Suzuki Esteem LXi BS III,Maruti,2007,"69,999","51,000 kms",Petrol
Maruti Suzuki Ritz VXI,Maruti,2014,"299,999","19,000 kms",Petrol
Maruti Suzuki Dzire,Maruti,2009,"220,000","46,000 kms",Petrol
Maruti Suzuki Ritz LDi,Maruti,2013,"399,999","33,000 kms",Diesel
Maruti Suzuki SX4 ZXI MT,Maruti,2010,"249,999","36,000 kms",Petrol
Maruti Suzuki Wagon R 1.0 VXi,Maruti,2015,"289,999","22,000 kms",Petrol
Mini Cooper S 1.6,Mini,2013,"1,891,111","13,500 kms",Petrol
Nissan Terrano XL D Plus,Nissan,2015,"499,999","60,000 kms",Diesel
Renault Duster 85 PS RxE Diesel,Renault,2013,"489,999","27,000 kms",Diesel
Renault Duster 85 PS RxE Diesel,Renault,2014,"489,999","59,000 kms",Diesel
Renault Duster 85 PS RxL Diesel,Renault,2015,"549,999","19,000 kms",Diesel
Maruti Suzuki Dzire ZXI,Maruti,2013,"380,000","30,000 kms",Petrol
Renault Kwid RXT Opt,Renault,2018,"325,000","15,000 kms",Petrol
Maruti Suzuki Maruti 800 Std,Maruti,2003,"57,000","56,758 kms",Petrol
Renault Kwid 1.0 RXT AMT,Renault,2018,"349,999","10,000 kms",Petrol
Renault Lodgy 85 PS RXL,Renault,2018,"689,999","20,000 kms",Diesel
Renault Scala RxL Diesel,Renault,2014,"349,999","49,000 kms",Diesel
Hyundai Grand i10 Asta 1.2 Kappa VTVT O,Hyundai,2014,"410,000","41,000 kms",Petrol
Maruti Suzuki Swift Dzire VXi 1.2 BS IV,Maruti,2011,"225,000","45,000 kms",Petrol
Chevrolet Beat LS Petrol,Chevrolet,2010,"120,000","43,000 kms",Petrol
Tata Indigo eCS LX TDI BS III,Tata,2016,"320,000","1,75,430 kms",Diesel
Hyundai Santro Xing XO eRLX Euro III,Hyundai,2000,"59,000","56,450 kms",Petrol
Hyundai Fluidic Verna 1.6 CRDi SX,Hyundai,2015,"540,000","38,000 kms",Diesel
"Commercial , DZire LDI, 2016, for sale",Commercial,...,Ask For Price,,
Chevrolet Beat LS Petrol,Chevrolet,2010,"80,000","56,000 kms",Petrol
Mahindra Quanto C8,Mahindra,2013,"340,000","37,000 kms",Diesel
Fiat Petra ELX 1.2 PS,Fiat,2008,"75,000","65,000 kms",Petrol
Chevrolet Beat LS Petrol,Chevrolet,2015,"220,000","32,700 kms",Petrol
Skoda Fabia 1.2L Diesel Ambiente,Skoda,2011,"159,500","38,200 kms",Diesel
Ford EcoSport Titanium 1.5L TDCi,Ford,2016,"599,000","30,000 kms",Diesel
Hyundai Accent GLX,Hyundai,2006,"80,000","56,000 kms",Petrol
Yama,Yamaha,r 15,"55,000","60,000kms",Petrol
Maruti Suzuki Swift LDi,Maruti,2010,"60,000","52,000 kms",Diesel
Mahindra TUV300 T4 Plus,Mahindra,2016,"675,000","9,000 kms",Diesel
Mini Cooper S 1.6,Mini,2013,"1,891,111","13,000 kms",Petrol
Mini Cooper S 1.6,Mini,2013,"1,891,111","13,000 kms",Petrol
Tata Indica V2 Xeta e GLE,Tata,2008,"150,000","11,000 kms",Petrol
Mini Cooper S,Mini,2013,"1,891,111","13,000 kms",Petrol
Tata Indigo CS LS DiCOR,Tata,2009,"72,500","46,000 kms",Diesel
Maruti Suzuki Swift VXi 1.2 ABS BS IV,Maruti,2019,"610,000",73 kms,Petrol
Mahindra Scorpio VLX Special Edition BS III,Mahindra,2004,"230,000","1,60,000 kms",Diesel
Tata Indica eV2 LS,Tata,2017,"215,000","84,000 kms",Diesel
Honda Accord,Honda,2009,"175,000","58,559 kms",Petrol
Mahindra Scorpio S4,Mahindra,2015,"855,000","30,000 kms",Diesel
Chevrolet Tavera Neo,Chevrolet,2013,"375,000","55,000 kms",Diesel
Ford EcoSport Titanium 1.5 TDCi,Ford,2014,"520,000","57,000 kms",Diesel
Maruti Suzuki Ertiga,Maruti,2015,"524,999","50,000 kms",Diesel
Honda Amaze,Honda,2014,"299,999","37,000 kms",Petrol
Maruti Suzuki Dzire,Maruti,2012,"299,999","40,000 kms",Petrol
Honda City,Honda,2011,"284,999","55,000 kms",Petrol
Mahindra Scorpio 2.6 CRDe,Mahindra,2007,"220,000","1,70,000 kms",Diesel
Maruti Suzuki Dzire,Maruti,2014,"424,999","55,000 kms",Diesel
Honda City,Honda,2015,"644,999","39,000 kms",Petrol
Honda Mobilio,Honda,2014,"399,999","44,000 kms",Petrol
Toyota Corolla Altis,Toyota,2009,"199,999","65,000 kms",Petrol
Honda City,Honda,2014,"584,999","39,000 kms",Petrol
Skoda Laura,Skoda,2012,"349,999","44,000 kms",Diesel
Renault Duster,Renault,2015,"449,999","49,000 kms",Diesel
Maruti Suzuki Ertiga,Maruti,2018,"799,999","9,000 kms",Diesel
Maruti Suzuki Dzire,Maruti,2015,"444,999","45,000 kms",Diesel
Mahindra XUV500,Mahindra,2014,"649,999","47,000 kms",Diesel
Hyundai Verna Fluidic,Hyundai,2012,"444,999","40,000 kms",Diesel
Maruti Suzuki Vitara Brezza,Maruti,2016,"689,999","29,000 kms",Diesel
Maruti Suzuki Wagon R,Maruti,2016,"344,999","15,000 kms",Petrol
Mahindra Scorpio,Mahindra,2015,"944,999","45,000 kms",Diesel
Honda Amaze,Honda,2014,"274,999","35,000 kms",Petrol
Mahindra XUV500,Mahindra,2013,"689,999","80,000 kms",Diesel
Mahindra Scorpio,Mahindra,2013,"574,999","68,000 kms",Diesel
Skoda Laura,Skoda,2013,"374,999","50,000 kms",Diesel
Volkswagen Polo,Volkswagen,2010,"199,999","60,000 kms",Diesel
Hyundai Elite i20,Hyundai,2016,"549,999","9,000 kms",Petrol
Tata Manza Aura Quadrajet,Tata,2012,"130,000","72,000 kms",Diesel
Chevrolet Sail UVA Petrol LT ABS,Chevrolet,2013,"210,000","60,000 kms",Petrol
Renault Duster 110 PS RxZ Diesel Plus,Renault,2012,"501,000","38,000 kms",Diesel
Hyundai Verna Fluidic 1.6 VTVT SX,Hyundai,2013,"401,000","45,000 kms",Diesel
Audi A4 2.0 TDI 177bhp Premium,Audi,2012,"1,350,000","40,000 kms",Diesel
Hyundai Elantra SX,Hyundai,2013,"600,000","20,000 kms",Petrol
Mahindra Scorpio VLX 4WD Airbag,Mahindra,2013,"610,000","35,000 kms",Diesel
Mahindra KUV100 K8 D 6 STR,Mahindra,2016,"400,000","20,000 kms",Diesel
Renault Scala RxL Diesel Travelogue,Renault,2015,"375,000","25,000 kms",Diesel
Mahindra Quanto C8,Mahindra,2013,"375,000","20,000 kms",Diesel
Hyundai Grand i10 Sportz O 1.2 Kappa VTVT,Hyundai,2014,"365,000","20,000 kms",Petrol
Hyundai i20 Active 1.2 SX,Hyundai,2015,"500,000","18,000 kms",Petrol
Mahindra Xylo E4,Mahindra,2012,"400,000","35,000 kms",Diesel
Hyundai Grand i10,Hyundai,2017,"524,999","6,821 kms",Petrol
Hyundai i20,Hyundai,2014,"449,999","23,000 kms",Petrol
Hyundai Eon,Hyundai,2014,"174,999","14,000 kms",Petrol
Hyundai i10,Hyundai,2012,"244,999","38,000 kms",Petrol
Hyundai i20 Active,Hyundai,2015,"574,999","35,000 kms",Diesel
Datsun Redi GO,Datsun,2017,"244,999","22,000 kms",Petrol
Toyota Etios Liva,Toyota,2011,"239,999","41,000 kms",Petrol
Hyundai Accent,Hyundai,2010,"99,999","45,000 kms",Petrol
Hyundai Verna,Hyundai,2014,"489,999","44,000 kms",Diesel
Maruti Suzuki Swift,Maruti,2013,"324,999","45,000 kms",Diesel
Toyota Fortuner,Toyota,2011,"1,074,999","52,000 kms",Diesel
Hyundai i10 Sportz,Hyundai,2012,"230,000","34,000 kms",Petrol
Mahindra Bolero Power Plus SLE,Mahindra,2018,"699,000","1,800 kms",Diesel
,selling,Zest,Ask For Price,,
Mahindra XUV500,Mahindra,2015,"1,000,000","15,000 kms",Diesel
Honda City 1.5 V MT Exclusive,Honda,2010,"240,000","4,00,000 kms",Petrol
Chevrolet Spark LT 1.0 Airbag,Chevrolet,2009,"110,000","44,000 kms",Petrol
Mahindra Jeep MM 550 XDB,Mahindra,2019,"390,000",60 kms,Diesel
Renault Duster 110PS Diesel RxZ,Renault,2012,"501,000","35,000 kms",Diesel
Mahindra XUV500,Mahindra,2016,"1,130,000","72,000 kms",Diesel
Tata Indigo eCS VX CR4 BS IV,Tata,2014,"250,000","40,000 kms",Diesel
Tata Zest 90,Tata,2011,"220,000","34,000 kms",Petrol
Mahindra Bolero SLE BS IV,Mahindra,2013,"330,000","80,200 kms",Diesel
Force Motors Force One LX ABS 7 STR,Force,2015,"580,000","3,200 kms",Diesel
Skoda Rapid Elegance 1.6 TDI CR MT,Skoda,2013,"340,000","48,000 kms",Diesel
Tata Vista Quadrajet VX,Tata,2011,"120,000","90,000 kms",Diesel
Maruti Suzuki Alto K10 VXi AT,Maruti,2015,"265,000","12,000 kms",Petrol
Maruti Suzuki SX4,Maruti,2012,"265,000","46,000 kms",Diesel
Maruti Suzuki Zen LXi BS III,Maruti,2003,"85,000","69,900 kms",Petrol
Mahindra Jeep CL550 MDI,Mahindra,2019,"379,000","0,000 kms",Diesel
Hyundai i10 Magna 1.2,Hyundai,2011,"175,000","45,000 kms",Petrol
Maruti Suzuki Alto 800,Maruti,2015,"219,000","5,000 kms",Petrol
Maruti Suzuki Swift Dzire Tour LDi,Maruti,2016,"350,000","1,66,000 kms",Diesel
Honda City ZX EXi,Honda,2008,"149,000","42,000 kms",Petrol
Mahindra Jeep CL550 MDI,Mahindra,2018,"385,000",588 kms,Diesel
Mahindra Jeep MM 550 XDB,Mahindra,2006,"425,000",122 kms,Diesel
Chevrolet Beat Diesel,Chevrolet,2017,"150,000","62,000 kms",Diesel
Honda City 1.5 S MT,Honda,2010,"225,000","70,000 kms",Petrol
Maruti Suzuki Swift Dzire car,Maruti,2004,"300,000","21,000 kms",Diesel
Hyundai Verna 1.4 VTVT,Hyundai,2014,"375,000","36,000 kms",Petrol
Toyota Innova 2.5 E MS 7 STR BS IV,Toyota,2012,"770,000",0 kms,Diesel
Maruti Suzuki Alto 800 Lxi,Maruti,2018,"689,000","24,000 kms",Petrol
Maruti Suzuki Maruti 800 Std â€“ Befo,Maruti,1995,"30,000","55,000 kms",Petrol
Toyota Etios,Toyota,2011,"275,000","36,000 kms",Diesel
Volkswagen Polo,Volkswagen,2015,"330,000","38,000 kms",Diesel
Maruti Suzuki Swift,Maruti,2014,"335,000","55,000 kms",Diesel
Hyundai Elite i20 Asta 1.4 CRDI,Hyundai,2015,"450,000","20,000 kms",Diesel
Maruti Suzuki Swift Dzire VXi 1.2 BS IV,Maruti,2012,"225,000","40,000 kms",Petrol
Maruti Suzuki Swift Dzire Tour (Gat,Maruti,2010,"300,000","20,000 kms",Diesel
Maruti Suzuki Versa DX2 8 SEATER BSIII,Maruti,2004,"80,000","50,000 kms",Petrol
Tata Indigo LX TDI BS III,Tata,2016,"130,000","1,04,000 kms",Diesel
Volkswagen Vento Konekt Diesel Highline,Volkswagen,2011,"245,000","65,000 kms",Diesel
Mercedes Benz C Class 200 CDI Classic,Mercedes,2002,"399,000","41,000 kms",Petrol
Maruti Suzuki Ertiga VDi,Maruti,2013,"450,000","90,000 kms",Diesel
URJE,URJENT,2001,"180,000","10,000 kms",Diesel
Honda City,Honda,2000,"65,000","80,000 kms",Petrol
Hyundai Santro Xing GLS,Hyundai,2006,"75,000","46,000 kms",Petrol
Maruti Suzuki Omni Limited Edition,Maruti,2001,"70,000","70,000 kms",Petrol
Hyundai Sonata Transform 2.4 GDi MT,Hyundai,2017,"190,000","36,469 kms",Diesel
Hyundai Elite i20 Sportz 1.2,Hyundai,2018,"600,000","7,800 kms",Petrol
Volkswagen Vento Konekt Diesel Highline,Volkswagen,2011,"245,000","65,000 kms",Diesel
Maruti Suzuki Alto 800 Lxi,Maruti,2017,"240,000","60,000 kms",Petrol
Maruti Suzuki Alto LXi BS III,Maruti,2011,"155,000","32,000 kms",Petrol
Honda Jazz S MT,Honda,2009,"169,999","24,695 kms",Petrol
Hyundai Grand i10 Sportz 1.2 Kappa VTVT,Hyundai,2017,"450,000","15,141 kms",Petrol
Maruti Suzuki Zen LXi BSII,Maruti,2001,"40,000","40,000 kms",Petrol
Mahindra Scorpio W Turbo 2.6DX 9 Seater,Mahindra,2012,"165,000","65,000 kms",Diesel
Swift Dzire Tour 27 Dec 2016 Regis,Swift,2010,"370,000","20,000 kms",Petrol
Maruti Suzuki Alto K10 VXi,Maruti,2014,"270,000","22,000 kms",Petrol
Hyundai Grand i10 Asta 1.2 Kappa VTVT,Hyundai,2016,"280,000","59,910 kms",Diesel
Mahindra XUV500 W8,Mahindra,2012,"560,000","1,00,000 kms",Diesel
Hyundai Creta 1.6 SX Plus Petrol,Hyundai,2016,"950,000","25,000 kms",Petrol
Hyundai i20 Magna O 1.2,Hyundai,2013,"310,000","35,000 kms",Petrol
Renault Duster 85 PS RxL Explore LE,Renault,2015,"715,000","65,000 kms",Diesel
Hyundai Grand i10 Sportz 1.2 Kappa VTVT,Hyundai,2014,"340,000","35,000 kms",Petrol
Honda Brio V MT,Honda,2012,"235,000","33,000 kms",Petrol
Mahindra TUV300 T4 Plus,Mahindra,2017,"610,000","68,000 kms",Diesel
Chevrolet Spark LS 1.0,Chevrolet,2010,"95,000","23,000 kms",Petrol
Mahindra TUV300 T8,Mahindra,2018,"1,000,000","4,500 kms",Diesel
Maruti Suzuki Swift Dzire Tour LDi,Maruti,2015,"220,000","1,29,000 kms",Diesel
Nissan X Trail Select Variant,Nissan,2019,"1,200,000",300 kms,Diesel
Maruti Suzuki Alto 800 Vxi,Maruti,2015,"230,000","5,000 kms",Petrol
Ford Ikon 1.3 CLXi NXt Finesse,Ford,2001,"45,000","65,000 kms",Petrol
Toyota Fortuner 3.0 4x4 MT,Toyota,2010,"940,000","1,31,000 kms",Diesel
Tata Manza ELAN Quadrajet,Tata,2010,"155,555","1,11,111 kms",Petrol
Tata zest x,Tata,2011,"320,000","1,00,000 kms",Petrol
Mahindra xyl,Mahindra,2013,"350,000","23,000 kms",Diesel
Mercedes Benz A Class A 180 Sport Petrol,Mercedes,2013,"1,500,000","14,000 kms",Petrol
Chevrolet Beat LS Diesel,Chevrolet,2016,"210,000","22,000 kms",Diesel
Ford EcoSport Trend 1.5L TDCi,Ford,2013,"495,000","38,000 kms",Diesel
Tata Indigo LS,Tata,2016,"125,000","70,000 kms",Diesel
Hyundai i20 Magna 1.2,Hyundai,2010,"195,000","36,000 kms",Petrol
Volkswagen Vento Highline Plus 1.5 Diesel AT,Volkswagen,2015,"550,000","34,000 kms",Diesel
Renault Kwid RXT,Renault,2015,"270,000","43,000 kms",Petrol
Lamborghini Aventador,Lamborghini,2016,"21,500,000","34,000kms",Diesel
Ford EcoSport Titanium 1.5L TDCi,Ford,2014,"500,000","40,000 kms",Diesel
Honda Amaze 1.5 E i DTEC,Honda,2016,"240,000","1,60,000 kms",Diesel
Hyundai Verna 1.6 EX VTVT,Hyundai,2017,"800,000","12,000 kms",Petrol
BMW 5 Series 520d Sedan,BMW,2011,"1,299,000","49,000 kms",Diesel
Skoda Superb 1.8 TFSI AT,Skoda,2011,"530,000","68,000 kms",Petrol
Audi Q3 2.0 TDI quattro Premium,Audi,2013,"1,499,000","37,000 kms",Diesel
Mahindra Bolero DI BSII,Mahindra,2012,"220,000","59,466 kms",Diesel
Maruti Suzuki Zen Estilo LXI Green CNG,Maruti,2011,"490,000","16,000 kms",Petrol
Mahindra Scorpio S10,Mahindra,2015,"900,000","97,200 kms",Diesel
Ford Figo Duratorq Diesel Titanium 1.4,Ford,2012,"250,000","99,000 kms",Diesel
Maruti Suzuki Wagon R VXI BS IV,Maruti,2018,"395,000","25,500 kms",Petrol
Mahindra Logan Diesel 1.5 DLS,Mahindra,2009,"130,000","66,000 kms",Petrol
Tata Nano GenX XMA,Tata,2010,"32,000","44,005 kms",Petrol
Mahindra TUV300 T4 Plus,Mahindra,2016,"540,000","35,000 kms",Diesel
Mahindra TUV300 T4 Plus,Mahindra,2016,"540,000","35,000 kms",Diesel
Hyundai Elite i20 Magna 1.2,Hyundai,2015,"405,000","28,000 kms",Petrol
Hyundai Elite i20 Magna 1.2,Hyundai,2015,"400,000","30,000 kms",Petrol
Honda City SV,Honda,2017,"760,000","4,000 kms",Petrol
Maruti Suzuki Baleno Delta 1.2,Maruti,2016,"500,000","28,000 kms",Petrol
Ford Figo Petrol LXI,Ford,2011,"175,000","75,000 kms",Petrol
Mahindra Scorpio S10,Mahindra,2015,"900,000","97,200 kms",Diesel
Honda City,Honda,2017,"750,000","3,000 kms",Petrol
Hyundai Elite i20 Magna 1.2,Hyundai,2015,"419,000","20,000 kms",Petrol
Maruti Suzuki Versa DX2 8 SEATER BSIII,Maruti,2004,"90,000","50,000 kms",Petrol
Hyundai Eon Era Plus,Hyundai,2018,"140,000","2,110 kms",Petrol
Mitsubishi Pajero Sport Limited Edition,Mitsubishi,2015,"1,540,000","43,222 kms",Petrol
Hyundai i10 Magna 1.2 Kappa2,Hyundai,2008,"275,000","1,00,200 kms",Petrol
Toyota Corolla H2,Toyota,2003,"150,000","1,00,000 kms",Petrol
Maruti Suzuki Swift Dzire Tour VXi,Maruti,2011,"230,000",65 kms,Petrol
Tata Indigo CS eLS BS IV,Tata,2015,"123,000","1,00,000 kms",Diesel
Mahindra Scorpio S10,Mahindra,2015,"900,000","97,200 kms",Diesel
Mahindra Scorpio S10,Mahindra,2015,"900,000","97,200 kms",Diesel
Hyundai Xcent Base 1.1 CRDi,Hyundai,2016,"300,000","1,40,000 kms",Diesel
Honda City,Honda,2015,"499,999","55,000 kms",Petrol
Hyundai Accent Executive Edition,Hyundai,2009,"165,000","48,000 kms",Petrol
Maruti Suzuki Baleno Delta 1.2,Maruti,2016,"498,000","22,000 kms",Petrol
Tata Zest XE 75 PS Diesel,Tata,2018,"480,000","1,03,553 kms",Diesel
Maruti Suzuki Dzire LDI,Maruti,2017,"488,000","80,000 kms",Diesel
Tata Sumo Gold LX BS IV,Tata,2014,"250,000","99,000 kms",Diesel
Toyota Corolla Altis GL Petrol,Toyota,2010,"220,000","58,000 kms",Petrol
Maruti Suzuki Eeco 7 STR,Maruti,2013,"290,000","70,000 kms",LPG
Toyota Fortuner 3.0 4x2 MT,Toyota,2015,"1,525,000","1,20,000 kms",Diesel
Mahindra XUV500 W6,Mahindra,2013,"548,900","49,800 kms",Diesel
Tata Tigor Revotron XZ,Tata,2019,"650,000",100 kms,Diesel
Maruti Suzuki 800,Maruti,2001,"55,000","81,876 kms",Petrol
Maruti Suzuki Ertiga Vxi,Maruti,2015,"550,000","75,000 kms",Petrol
Maruti Suzuki Versa DX2 8 SEATER BSIII,Maruti,2004,"90,000","50,000 kms",Petrol
Honda Mobilio S i DTEC,Honda,2014,"399,000","44,000 kms",Diesel
Maruti Suzuki Ertiga,Maruti,2016,"730,000","55,000 kms",Diesel
Maruti Suzuki Vitara Brezza,Maruti,2017,"725,000","36,000 kms",Diesel
Hyundai Verna 1.6 CRDI E,Hyundai,2016,"195,000","56,000 kms",Diesel
Maruti Suzuki Swift VXI BSIII,Maruti,2007,"130,000","62,000 kms",Petrol
Toyota Fortuner 3.0 4x2 MT,Toyota,2015,"1,525,000","1,20,000 kms",Diesel
Maruti Suzuki Omni Select Variant,Maruti,2014,"190,000","6,020 kms",Petrol
Honda Amaze,Honda,2013,"250,000","55,700 kms",Diesel
Tata Indica,Tata,2005,"80,000","42,000 kms",Petrol
Hyundai Santro Xing,Hyundai,2003,"120,000","50,000 kms",Petrol
Maruti Suzuki Zen Estilo,Maruti,2010,"149,000","35,000 kms",Petrol
Maruti Suzuki Wagon R LXI BS IV,Maruti,2014,"250,000","18,500 kms",Petrol
Maruti Suzuki Wagon R,Maruti,2007,"120,000","7,000 kms",Petrol
Honda Brio VX AT,Honda,2017,"450,000","11,000 kms",Petrol
Hyundai Xcent Base 1.1 CRDi,Hyundai,2015,"390,000","1,80,000 kms",Diesel
Maruti Suzuki Zen LXi BSII,Maruti,2003,"99,999","53,000 kms",Petrol
Maruti Suzuki Zen Estilo LXI Green CNG,Maruti,2008,"135,000","23,000 kms",Petrol
Maruti Suzuki Wagon R Select Variant,Maruti,2016,"225,000","35,500 kms",Diesel
Maruti Suzuki Alto LXi BS III,Maruti,2010,"99,000","22,134 kms",Petrol
Renault Kwid RXT,Renault,2019,"370,000","1,000 kms",Petrol
Tata Nano Lx BSIV,Tata,2010,"52,000","9,000 kms",Petrol
Jaguar XE XE Portfolio,Jaguar,2016,"2,800,000","8,500 kms",Petrol
Hyundai Xcent S 1.2,Hyundai,2015,"800,000","35,000 kms",Petrol
Hyundai Eon Magna Plus,Hyundai,2014,"190,000","35,000 kms",Petrol
Honda City 1.5 S MT,Honda,2014,"499,000","22,000 kms",Petrol
Hindustan Motors Ambassador,Hindustan,2002,"90,000","25,000 kms",Diesel
Maruti Suzuki Ritz GENUS VXI,Maruti,2010,"149,000","40,000 kms",Petrol
Hyundai Grand i10 Magna AT 1.2 Kappa VTVT,Hyundai,2017,"400,000","20,000 kms",Petrol
Hyundai Eon D Lite Plus,Hyundai,2016,"120,000","87,000 kms",Petrol
Maruti Suzuki Swift Dzire VXi 1.2 BS IV,Maruti,2015,"250,000","55,000 kms",Petrol
Maruti Suzuki Wagon R VXI BS IV,Maruti,2017,"375,000","23,000 kms",Petrol
Honda Amaze 1.2 VX i VTEC,Honda,2014,"381,000","6,000 kms",Petrol
Maruti Suzuki Estilo VXi ABS BS IV,Maruti,2013,"180,000","65,000 kms",Petrol
Maruti Suzuki Vitara Brezza LDi O,Maruti,2016,"580,000","25,000 kms",Diesel
Maruti Suzuki Eeco 5 STR WITH AC HTR,Maruti,2015,"278,000","39,000 kms",Petrol
Toyota Innova 2.0 V,Toyota,2009,"140,000","15,574 kms",Diesel
Hyundai Creta 1.6 SX Plus Petrol AT,Hyundai,2016,"1,000,000","8,000 kms",Petrol
Mahindra Scorpio Vlx BSIV,Mahindra,2013,"690,000","75,000 kms",Diesel
Maruti Suzuki Ertiga VDi,Maruti,2012,"480,000","51,000 kms",Diesel
Mitsubishi Lancer 1.8 LXi,Mitsubishi,2006,"185,000","50,000 kms",Petrol
Maruti Suzuki Maruti 800 AC,Maruti,2001,"180,000","75,000 kms",Petrol
Maruti Suzuki Alto 800 LXI CNG O,Maruti,2015,"90,000","55,800 kms",Petrol
Hyundai Grand i10 Magna 1.2 Kappa VTVT,Hyundai,2015,"340,000","53,000 kms",Petrol
Hyundai Eon D Lite Plus,Hyundai,2018,"260,000","25,000 kms",Petrol
Ford Fiesta SXi 1.6 ABS,Ford,2009,"250,000","56,400 kms",Petrol
Maruti Suzuki Ritz VDi,Maruti,2010,"180,000","72,160 kms",Diesel
Hyundai Verna Fluidic New,Hyundai,2012,"350,000","10,000 kms",Diesel
Maruti Suzuki Wagon R LXi BS III,Maruti,2006,"90,001","48,000 kms",Petrol
Maruti Suzuki Estilo LX BS IV,Maruti,2007,"115,000","36,000 kms",Petrol
Audi A6 2.0 TDI Premium,Audi,2012,"1,599,000","11,500 kms",Diesel
Maruti Suzuki Wagon R LXi BS III,Maruti,2003,"130,000","1,33,000 kms",Petrol
Maruti Suzuki Wagon R,Maruti,2009,"159,000","27,000 kms",Petrol
Maruti Suzuki Wagon R,Maruti,2009,"160,000","35,000 kms",Petrol
Maruti Suzuki Alto,Maruti,2010,"110,000","55,000 kms",Petrol
Maruti Suzuki Baleno Sigma 1.2,Maruti,2016,"425,000","40,000 kms",Petrol
Hyundai Verna 1.6 SX VTVT AT,Hyundai,2019,"900,000","2,000 kms",Petrol
Maruti Suzuki Swift GLAM,Maruti,2009,"150,000","45,000 kms",Petrol
Hyundai Getz Prime 1.3 GVS,Hyundai,2009,"110,000","20,000 kms",Petrol
Hyundai Santro,Hyundai,2000,"91,999","88,000 kms",Petrol
Hyundai Getz Prime 1.3 GLX,Hyundai,2009,"115,000","20,000 kms",Petrol
Chevrolet Beat PS Diesel,Chevrolet,2012,"215,000","65,422 kms",Diesel
Ford EcoSport Trend 1.5 Ti VCT,Ford,2017,"580,000","10,000 kms",Petrol
Maruti Suzuki Dzire ZXI,Maruti,2013,"380,000","35,000 kms",Petrol
Hyundai Fluidic Verna 1.6 CRDi SX,Hyundai,2013,"350,000","1,17,000 kms",Diesel
Tata Indica V2 DLG,Tata,2005,"135,000","1,50,000 kms",Diesel
BMW X1 xDrive20d xLine,BMW,2011,"1,150,000","72,000 kms",Diesel
Hyundai i20 Asta 1.2,Hyundai,2010,"300,000","10,750 kms",Petrol
Honda City 1.5 V AT,Honda,2009,"269,000","55,000 kms",Petrol
Tata Nano,Tata,2013,"60,000","6,800 kms",Petrol
Chevrolet Cruze LTZ AT,Chevrolet,2014,"400,000","41,000 kms",Diesel
Hyundai Verna Fluidic New,Hyundai,2015,"430,000","73,000 kms",Diesel
Hyun,Hyundai,2012,"390,000","20,000 kms",Petrol
Maruti Suzuki Swift Dzire VDi,Maruti,2011,"140,000","65,000 kms",Diesel
Mahindra XUV500 W6,Mahindra,2014,"8,500,003","45,000 kms",Diesel
Mahindra XUV500 W10,Mahindra,2018,"1,299,000","40,000 kms",Diesel
Maruti Suzuki Alto K10 LXi CNG,Maruti,2014,"199,000","37,000 kms",Petrol
Hyundai Accent GLE,Hyundai,2006,"90,000","55,000 kms",Petrol
Force Motors One SUV,Force,2013,"250,000","1,40,000 kms",Diesel
Datsun Go Plus T O,Datsun,2016,"670,500",5000 kms,Petrol
Maruti Suzuki Alto,Maruti,2019,"265,000","9,800 kms",Petrol
Chevrolet Spark 1.0 LT,Chevrolet,2011,"100,000","27,000 kms",Petrol
Hyundai i10,Hyundai,2009,"215,000","27,000 kms",Petrol
Toyota Etios Liva GD,Toyota,2012,"380,000","20,000 kms",Diesel
Renault Duster 85PS Diesel RxL Optional with Nav,Renault,2013,"401,919","57,923 kms",Diesel
Chevrolet Enjoy,Chevrolet,2014,"490,000","30,201 kms",Diesel
Maruti Suzuki Alto 800 Lxi,Maruti,2017,"280,000","6,200 kms",Petrol
BMW 5 Series 530i,BMW,2009,"650,000","37,518 kms",Petrol
Toyota Etios Liva G,Toyota,2014,"160,000","24,652 kms",Petrol
Mahindra Jeep MM 550 XDB,Mahindra,2004,"424,000",383 kms,Diesel
Chevrolet Beat LS Diesel,Chevrolet,2016,"225,000","95,000 kms",Diesel
Chevrolet Cruze LTZ,Chevrolet,2011,"350,000","35,000 kms",Diesel
Jeep Wrangler Unlimited 4x4 Diesel,Jeep,2015,"950,000","3,528 kms",Diesel
Maruti Suzuki Ertiga VDi,Maruti,2013,"485,000","52,500 kms",Diesel
Hyundai Verna VGT CRDi SX ABS,Hyundai,2010,"205,000","47,900 kms",Diesel
Maruti Suzuki Omni,Maruti,2012,"160,000","14,000 kms",Petrol
Maruti Suzuki Celerio VDi,Maruti,2018,"310,000","37,000 kms",Petrol
Tata Zest Quadrajet 1.3,Tata,2017,"180,000","90,000 kms",Diesel
Mahindra XUV500 W6,Mahindra,2013,"549,900","52,800 kms",Diesel
Tata Indigo CS eLX BS IV,Tata,2016,"150,000","1,04,000 kms",Diesel
Hyundai i10 Era,Hyundai,2011,"175,000","30,000 kms",Petrol
Tata Indigo eCS LX TDI BS III,Tata,2014,"95,000","1,95,000 kms",Diesel
Tata Indigo LX TDI BS III,Tata,2016,"230,000","1,04,000 kms",Diesel
Tata Indigo eCS LX CR4 BS IV,Tata,2016,"230,000","1,04,000 kms",Diesel
Tata Indigo Marina LS,Tata,2004,"180,000","70,000 kms",Diesel
Lamborghini Urus,Lamborghini,2018,"42,250,000","10,000 kms",Diesel
Hyundai Xcent SX 1.2,Hyundai,2015,"400,000","43,000 kms",Diesel
Hyundai Eon Magna Plus,Hyundai,2013,"185,000","23,000 kms",Petrol
Renault Duster 85 PS RxL Diesel,Renault,2015,"385,000","51,000 kms",Diesel
Maruti Suzuki Alto K10 LXi CNG,Maruti,2009,"90,000","62,000 kms",Petrol
Tata Nano LX Special Edition,Tata,2010,"32,000","48,008 kms",Petrol
Lamborghini Hurricane,Lamborghini,2019,"33,371,500","60,000 kms",Diesel
Renault Duster 110 PS RxZ Diesel,Renault,2013,"435,000","39,000 kms",Diesel
Maruti Suzuki Wagon R AX BSIV,Maruti,2010,"225,000","40,000 kms",Petrol
Maruti Suzuki Swift,Maruti,2006,"189,700","48,247 kms",Petrol
Maruti Suzuki Ertiga,Maruti,2012,"389,700","39,000 kms",Diesel
Maruti Suzuki Swift VXi 1.2 ABS BS IV,Maruti,2014,"365,000","23,000 kms",Petrol
Maruti Suzuki Alto K10 New,Maruti,2017,"360,000","9,400 kms",Petrol
Hyundai i20 Magna,Hyundai,2010,"210,000","50,000 kms",Petrol
Hyundai i10 Magna 1.2,Hyundai,2009,"170,000","75,000 kms",Petrol
tata Indica,tata,2010,"130,000","68,000 Kms",Petrol
Tata Zest XE 75 PS Diesel,Tata,2017,"380,000","70,000 kms",Diesel
Mahindra Xylo E8,Mahindra,2009,"295,000","64,000 kms",Diesel
Toyota Corolla Altis GL Petrol,Toyota,2010,"185,000","55,000 kms",Petrol
Tata Manza Aqua Quadrajet,Tata,2014,"160,000","2,00,000 kms",Diesel
Mahindra KUV100 K8 D 6 STR,Mahindra,2018,Ask For Price,"7,500 kms",Diesel
Ferrari Roma,Ferrari,2010,"9,255,000","19,000 kms",Diesel
Renault Kwid 1.0,Renault,2018,"290,000","2,137 kms",Petrol
Ferrari Portofinio,Ferrari,2017,"43,100,000","29,000 kms",Diesel
Tata Venture EX 8 STR,Tata,2013,"100,000","30,000 kms",Diesel
Maruti Suzuki Swift Dzire Tour LXi,Maruti,2014,"315,000","44,000 kms",Petrol
Maruti Suzuki Alto LX BSII,Maruti,2002,Ask For Price,"56,000 kms",Petrol
Skoda Octavia Classic 1.9 TDI MT,Skoda,2006,"114,990","65,000 kms",Diesel
Maruti Suzuki Omni LPG BS IV,Maruti,2012,"120,000","1,60,000 kms",LPG
Chevrolet Beat Diesel,Chevrolet,2011,"125,000","56,000 kms",Diesel
Tata Sumo Gold EX BS IV,Tata,2012,"210,000","75,000 kms",Diesel
Ferrari F8 Tributo,Ferrari,2019,"30,170,000","30,000kms",Diesel
Hyundai Verna 1.6 CRDI SX,Hyundai,2018,"855,000","42,000 kms",Diesel
Tata Sumo Gold EX BS IV,Tata,2012,"210,000","75,000 kms",Diesel
Mahindra Scorpio 2.6 CRDe,Mahindra,2007,"260,000","56,000 kms",Diesel
Maruti Suzuki Zen LXi BS III,Maruti,2002,"95,000","10,544 kms",Petrol
Maruti Suzuki Swift Dzire VXi 1.2 BS IV,Maruti,2011,"255,000","64,000 kms",Petrol
Mahindra Scorpio SLX 2.6 Turbo 8 Str,Mahindra,2008,"300,000","70,000 kms",Diesel
Hyundai Grand i10 Sportz 1.2 Kappa VTVT,Hyundai,2014,"340,000","25,000 kms",Petrol
Hyundai Elite i20 Sportz 1.2,Hyundai,2017,"550,000","15,000 kms",Petrol
Ford Ikon 1.6 Nxt,Ford,2003,"160,000","50,000 kms",Petrol
Hyundai Elite i20 Sportz 1.2,Hyundai,2015,"190,000","49,500 kms",Petrol
Tata indigo,Tata,2015,"150,000","30,000 kms",Petrol
Toyota Innova 2.5 V 7 STR,Toyota,2011,"750,000","1,47,000 kms",Diesel
Nissan Sunny XL,Nissan,2011,"230,000","52,000 kms",Petrol
Chevrolet Beat LT Diesel,Chevrolet,2012,"130,000","90,001 kms",Diesel
Maruti Suzuki Alto 800 Lxi,Maruti,2017,"270,000","21,000 kms",Petrol
Maruti Suzuki Swift VDi BS IV,Maruti,2012,"280,000","48,006 kms",Diesel
Maruti Suzuki Swift VDi BS IV,Maruti,2012,"280,000","48,006 kms",Diesel
Maruti Suzuki Swift,Maruti,2012,"280,000","48,006 kms",Diesel
Ferrari 812,Ferrari,2016,"27,200,000","45,890 kms",Diesel
Toyota Innova 2.0 G4,Toyota,2012,"600,000","80,000 kms",Diesel
Ferrari SF90,Ferrari,2018,"60,000,000","44,000 kms",Diesel
Maruti Suzuki Swift VDi ABS,Maruti,2010,"190,000","74,000 kms",Diesel
Hyundai Elite i20 Asta 1.2,Hyundai,2015,"500,000","22,000 kms",Petrol
Mahindra XUV500 W10,Mahindra,2016,"1,065,000","41,000 kms",Diesel
Volkswagen Polo Trendline 1.5L D,Volkswagen,2015,"350,000","25,000 kms",Diesel
Toyota Etios Liva Diesel,Toyota,2012,"350,000","85,000 kms",Diesel
Mahindra TUV300 T4 Plus,Mahindra,2016,"540,000","29,500 kms",Diesel
Hyundai Elite i20 Asta 1.2,Hyundai,2015,"470,000","30,000 kms",Petrol
Hyundai Santro Xing GLS,Hyundai,2014,"179,000","57,000 kms",Petrol
Maruti Suzuki Zen LXi BS III,Maruti,2003,"48,000","60,000 kms",Petrol
Maruti Suzuki Ciaz ZXi Plus RS,Maruti,2016,"650,000","50,000 kms",Petrol
Hyundai Eon Era Plus,Hyundai,2013,"190,000","39,700 kms",Petrol
Hyundai Elantra 1.8 S,Hyundai,2012,"500,000","65,000 kms",Petrol
Maruti Suzuki Swift VDi,Maruti,2010,"270,000","67,000 kms",Diesel
Maruti Suzuki Zen Estilo LXI Green CNG,Maruti,2008,"125,000","46,000 kms",Petrol
Hyundai Eon Era Plus,Hyundai,2012,"188,000","38,000 kms",Petrol
Hyundai Grand i10 Magna 1.2 Kappa VTVT,Hyundai,2016,"380,000","27,000 kms",Petrol
Hyundai Verna Fluidic New,Hyundai,2011,"365,000","43,000 kms",Diesel
Ford EcoSport Trend 1.5L Ti VCT,Ford,2014,"465,000","47,000 kms",Petrol
Hyundai i20 Magna,Hyundai,2011,"240,000","42,000 kms",Petrol
Chevrolet Beat Diesel,Chevrolet,2016,"179,999","19,336 kms",Diesel
Tata Indica eV2 LS,Tata,2015,"140,000","60,105 kms",Diesel
Jaguar XF 2.2 Diesel Luxury,Jaguar,2013,"2,190,000","29,000 kms",Diesel
Audi Q5 2.0 TDI quattro Premium Plus,Audi,2014,"2,390,000","34,000 kms",Diesel
BMW 3 Series 320d Sedan,BMW,2011,"1,075,000","35,000 kms",Diesel
Maruti Suzuki Swift ZXi 1.2 BS IV,Maruti,2015,"475,000","22,000 kms",Petrol
BMW X1 sDrive20d,BMW,2012,"1,025,000","41,000 kms",Diesel
Maruti Suzuki S Cross Sigma 1.3,Maruti,2016,"615,000","21,000 kms",Diesel
Maruti Suzuki Ertiga LDi,Maruti,2013,"475,000","48,000 kms",Diesel
Maruti Suzuki Alto K10 VXi AMT,Maruti,2016,"270,000","38,000 kms",Petrol
Honda City SV,Honda,2014,"475,000","34,000 kms",Diesel
Volkswagen Vento Comfortline Petrol,Volkswagen,2011,"240,000","45,933 kms",Petrol
Honda City 1.5 EXi New,Honda,2005,"120,000","68,000 kms",Petrol
Audi A4 2.0 TDI 177bhp Premium,Audi,2016,"1,900,000","44,000 kms",Diesel
Mahindra KUV100,Mahindra,2017,"360,000","35,000 kms",Diesel
Tata Zest XE 75 PS Diesel,Tata,2018,"450,000","1,02,563 kms",Diesel
Mahindra XUV500 W8,Mahindra,2015,"900,000","28,600 kms",Diesel
Maruti Suzuki Swift Dzire Tour VDi,Maruti,2017,"650,000","41,800 kms",Diesel
Tata Sumo Gold LX BS IV,Tata,2014,"275,000","1,16,000 kms",Diesel
Maruti Suzuki Swift Dzire VXi 1.2 BS IV,Maruti,2009,"210,000","59,000 kms",Petrol
Mahindra Scorpio 2.6 SLX,Mahindra,2004,"175,000","58,000 kms",Diesel
Maruti Suzuki Omni 8 STR BS III,Maruti,2009,"85,000","45,000 kms",Petrol
Mitsubishi Pajero Sport Limited Edition,Mitsubishi,2015,"1,490,000","42,590 kms",Diesel
Renault Duster,Renault,2014,"800,000","7,400 kms",Diesel
Volkswagen Jetta Comfortline 1.9 TDI AT,Volkswagen,2009,"450,000","54,500 kms",Diesel
Maruti Suzuki Ertiga Vxi,Maruti,2012,"1,000,000","2,00,000 kms",Diesel
Audi A4 2.0 TDI 177bhp Premium,Audi,2013,"1,510,000","27,000 kms",Diesel
Volvo S80 Summum D4,Volvo,2015,"1,850,000","42,000 kms",Diesel
Toyota Corolla Altis VL AT Petrol,Toyota,2014,"790,000","29,000 kms",Petrol
Mitsubishi Pajero Sport 2.5 AT,Mitsubishi,2015,"1,725,000","37,000 kms",Diesel
Chevrolet Beat LT Petrol,Chevrolet,2012,"135,000","36,000 kms",Petrol
BMW X1,BMW,2011,"1,000,000","34,000 kms",Diesel
Datsun Redi GO S,Datsun,2018,"299,999","7,000 kms",Petrol
Mercedes Benz C Class C 220 CDI Avantgarde,Mercedes,2009,"1,225,000","76,000 kms",Diesel
Mahindra Scorpio SLX,Mahindra,2004,"175,000","60,000 kms",Diesel
Volkswagen Vento Comfortline Diesel,Volkswagen,2011,"200,000","95,000 kms",Diesel
Tata Indigo CS GLS,Tata,2017,"270,000","50,000 kms",Diesel
Ford Figo Petrol Titanium,Ford,2019,"525,000",00 kms,Petrol
Honda City ZX GXi,Honda,2006,"180,000","50,000 kms",Petrol
Maruti Suzuki Wagon R Duo Lxi,Maruti,2008,"140,000","68,000 kms",Petrol
Ford EcoSport Trend 1.5L TDCi,Ford,2014,"400,000","16,000 kms",Petrol
Maruti Suzuki Swift Dzire VDi,Maruti,2016,"499,000","51,000 kms",Diesel
Maruti Suzuki Omni 8 STR BS III,Maruti,2009,"85,000","56,000 kms",Petrol
Maruti Suzuki Zen LX BSII,Maruti,2004,"70,000","1,00,000 kms",Petrol
Renault Duster RxL Petrol,Renault,2015,"550,000","36,000 kms",Petrol
Maruti Suzuki Swift VXi 1.2 BS IV,Maruti,2014,"370,000","11,523 kms",Petrol
Maruti Suzuki Baleno Zeta 1.2,Maruti,2018,"690,000","1,000 kms",Petrol
Honda WR V S MT Petrol,Honda,2009,"250,000","60,000 kms",Petrol
Tata Indigo CS eLX BS IV,Tata,2016,"110,000","85,000 kms",Diesel
Renault Duster 110 PS RxL Diesel,Renault,2013,"490,000","38,600 kms",Diesel
Mahindra Scorpio LX BS III,Mahindra,2009,"320,000","95,500 kms",Diesel
Maruti Suzuki Zen LXi BS III,Maruti,2004,"68,000","56,000 kms",Petrol
Maruti Suzuki Wagon R LXi BS III,Maruti,2014,"130,000","37,458 kms",Petrol
Maruti Suzuki SX4 Celebration Diesel,Maruti,2016,"970,000","85,960 kms",Diesel
Audi A3 Cabriolet 40 TFSI,Audi,2015,"3,100,000","12,516 kms",Petrol
Hyundai Eon D Lite Plus,Hyundai,2018,"280,000","35,000 kms",Petrol
Maruti Suzuki Zen Estilo LXI Green CNG,Maruti,2009,"125,000",00 kms,Petrol
Mahindra Scorpio SLX,Mahindra,2008,"285,000","80,000 kms",Diesel
Bugati Divo,Bugati,2017,"291,475,000","40,000 kms",Diesel
Hyundai Santro AE GLS Audio,Hyundai,2011,"165,000","45,000 kms",Petrol
Bugatti Veyron,Bugatti,2019,"89,320,000","29,000 kms",Petrol
Maruti Suzuki Swift Dzire Tour VDi,Maruti,2009,"250,000","51,000 kms",Diesel
Mahindra Scorpio S4,Mahindra,2015,"865,000","30,000 kms",Diesel
Bentley flying spur,Bentley,2014,"23,370,000","50,000 kms",Diesel
Mahindra Xylo D2 BS IV,Mahindra,2011,"390,000","48,000 kms",Diesel
Hyundai Santro,Hyundai,2003,"60,000","51,000 kms",Petrol
Chevrolet Beat LT Diesel,Chevrolet,2015,"215,000","90,000 kms",Diesel
Maruti Suzuki Swift Dzire VDi,Maruti,2015,"475,000","43,000 kms",Diesel
Mahindra XUV500 W8,Mahindra,2015,"899,000","53,000 kms",Diesel
Toyota Fortuner 3.0 4x4 MT,Toyota,2013,"1,499,000","97,000 kms",Diesel
Maruti Suzuki Alto K10 VXi,Maruti,2013,"240,000","20,000 kms",Petrol
Hyundai Getz GLE,Hyundai,2007,"99,000","55,000 kms",Petrol
Maruti Suzuki Swift Dzire Tour LDi,Maruti,2014,"260,000","1,20,000 kms",Diesel
Hyundai Creta 1.6 SX,Hyundai,2019,"1,200,000",0 kms,Petrol
Hyundai Santro Xing XL AT eRLX Euro III,Hyundai,2007,"115,000","46,000 kms",Petrol
Hyundai Santro Xing XL eRLX Euro III,Hyundai,2009,"88,000","43,200 kms",Petrol
Mahindra Xylo D2 BS IV,Mahindra,2011,"390,000","56,000 kms",Diesel
Hyundai Santro Xing XL eRLX Euro III,Hyundai,2007,"135,000","42,000 kms",Petrol
Tata Indica V2 DLS BS III,Tata,2009,"90,000","30,600 kms",Diesel
Hyundai i10 Sportz 1.2,Hyundai,2011,"220,000","38,000 kms",Petrol
Hyundai Grand i10 Magna 1.2 Kappa VTVT,Hyundai,2017,"424,999","2,550 kms",Petrol
Hyundai Santro Xing XL AT eRLX Euro III,Hyundai,2007,"135,000","47,000 kms",Petrol
Honda City 1.5 E MT,Honda,2005,"95,000","41,000 kms",Petrol
Nissan Micra XL,Nissan,2017,"430,000","62,500 kms",Diesel
Honda City 1.5 S Inspire,Honda,2005,"115,000","68,000 kms",Petrol
Maruti Suzuki Alto 800 Lxi,Maruti,2015,"215,000","50,000 kms",Petrol
Maruti Suzuki Wagon R LX BS III,Maruti,2004,"53,000","69,000 kms",Petrol
Maruti Suzuki Ertiga VDi,Maruti,2012,"500,000","48,000 kms",Diesel
Tata Indica eV2 eXeta eGLX,Tata,2012,"85,000","55,000 kms",Diesel
Maruti Suzuki Omni E 8 STR BS IV,Maruti,2013,"165,000","25,000 kms",Petrol
Hyundai Eon Era Plus,Hyundai,2014,"200,000","28,400 kms",Petrol
Hyundai Eon,Hyundai,2014,"200,000","28,000 kms",Petrol
Maruti Suzuki Swift LDi,Maruti,2015,"425,000","42,000 kms",Diesel
Jaguar XE,Jaguar,2017,"36,650,000","10,000 kms",Diesel
Hyundai Verna 1.6 CRDI SX Plus AT,Hyundai,2012,"600,000","29,000 kms",Diesel
Chevrolet Tavera LS B3 10 Seats BSII,Chevrolet,2005,"130,000","68,485 kms",Diesel
Tata Tiago Revotron XM,Tata,2018,"430,000","3,500 kms",Petrol
Tata Tiago Revotorq XZ,Tata,2019,"568,500",0 kms,Petrol
Tata Nexon,Tata,2019,"888,000",1000 kms,Petrol
Porsche 911,Porsche,2016,"9,999,000","10,000 kms",Diesel
Maruti Suzuki Zen LXi BS III,Maruti,2006,"71,000","32,000 kms",Petrol
Mahindra KUV100 K8 D 6 STR,Mahindra,2018,"560,000","8,000 kms",Diesel
Ford EcoSport Titanium 1.5 TDCi,Ford,2014,"590,000","34,000 kms",Diesel
Hindustan Motors Ambassador Classic Mark 4 â€“ Befo,Hindustan,1995,"750,000","37,000 kms",Petrol
Ford Fusion 1.4 TDCi Diesel,Ford,2007,"125,000","85,455 kms",Diesel
Hyundai Santro Xing XL AT eRLX Euro III,Hyundai,2007,"135,000","46,000 kms",Petrol
Hyundai Santro,Hyundai,2002,"60,000","47,000 kms",Petrol
Fiat Linea Emotion 1.4 L T Jet Petrol,Fiat,2009,"120,000","64,000 kms",Petrol
Ford Ikon 1.3 Flair Josh 100,Ford,2008,"95,000","46,000 kms",Petrol
Maruti Suzuki Omni E 8 STR BS IV,Maruti,2017,"240,000","8,000 kms",Petrol
Tata Indica V2 LS,Tata,2012,"115,000","64,000 kms",Diesel
Mahindra Scorpio S4,Mahindra,2015,"795,000","63,000 kms",Diesel
Hyundai Santro Xing XL eRLX Euro III,Hyundai,2007,"55,000","65,000 kms",Petrol
Mahindra Xylo D2,Mahindra,2009,"300,000","62,000 kms",Diesel
Hyundai Grand i10 Asta 1.2 Kappa VTVT,Hyundai,2014,"320,000","41,000 kms",Petrol
Maruti Suzuki Alto 800 Lxi,Maruti,2015,"265,000","14,000 kms",Petrol
Toyota Corolla,Toyota,2006,"160,000","40,000 kms",Petrol
Hyundai Eon Magna,Hyundai,2017,"300,000","1,600 kms",Petrol
Tata Sumo Grande MKII GX,Tata,2010,"130,000","90,000 kms",Diesel
Maruti Suzuki Swift VDi,Maruti,2011,"250,000","58,000 kms",Diesel
Volkswagen Polo Highline1.2L P,Volkswagen,2013,"380,000","27,000 kms",Petrol
Maruti Suzuki Alto 800 Lx,Maruti,2003,"42,000","60,000 kms",Petrol
Tata Tiago Revotron XZ,Tata,2017,"400,000","31,000 kms",Petrol
Maruti Suzuki Swift LDi,Maruti,2009,"120,000","90,000 kms",Diesel
Maruti Suzuki Swift VDi,Maruti,2009,"120,000","90,000 kms",Diesel
Tata Indigo eCS,Tata,2016,"130,000","1,50,000 kms",Diesel
Chevrolet Beat LS Diesel,Chevrolet,2014,"189,000","31,000 kms",Diesel
2012 Tata Sumo Gold f,2012,sell,"250,000",,
Mahindra Xylo E8 BS IV,Mahindra,2011,"365,000","43,000 kms",Diesel
Hyundai Eon D Lite Plus,Hyundai,2013,"170,000","20,000 kms",Petrol
Well mentained Tata Sumo,Well,d Ex,"380,000",,
all paper updated tata indica v2 and u,all,n...,"145,000",,
Maruti Ertiga showroom condition with,Maruti,e...,"480,000",,
7 SEATER MAHINDRA BOLERO IN VERY GOOD,7,D...,Ask For Price,,
9 SEATER MAHINDRA BOL,9,", Ac",Ask For Price,,
scratch less Tata I,scratch,go .,"140,000",,
Maruti Suzuki swift dzire for sale in,Maruti,d...,"360,000",,
Commercial Chevrolet beat for sale in,Commercial,k...,"180,000",,
urgent sell my Mahindra qu,urgent,o c4,"350,000",,
Tata Sumo Gold FX BSIII,Tata,2013,"215,000","1,00,000 kms",Petrol
sell my car Maruti Suzuki Swif,sell,zire,"300,000",,
Maruti Suzuki Swift Dzire good car fo,Maruti,o...,"310,000",,
Hyunda,Hyundai,cent,Ask For Price,,
Commercial Maruti Suzuki Alto Lxi 800,Commercial,...,Ask For Price,,
Aston Martin DBX,AstonMartin,2018,"23,220,000","13,000 kms",Diesel
Maruti Suzuki Alto vxi t,Maruti,2019,"95,000","12,000 kms",Petrol
Maserati MC 20,Maserati,2016,"33,000,000","24,000 kms",Diesel
Tesla Model X,Tesla,2019,"11,110,000","20,000 kms",Petrol
Tata Nano,Tata,2013,"60,000","7,000 kms",Petrol
Hyundai Elite i20,Hyundai,2017,"599,999","31,000 kms",Petrol
Hyundai i10 Magna 1.2 Kappa2,Hyundai,2009,"400,000","33,000 kms",Petrol
Hyundai Creta,Hyundai,2016,"900,000","60,000 kms",Diesel
Volkswagen Polo,Volkswagen,2013,"299,999","48,000 kms",Diesel
Maruti Suzuki Dzire,Maruti,2014,"374,999","33,000 kms",Petrol
Tata Bolt XM Petrol,Tata,2015,"600,000","15,000 kms",Petrol
Maruti Suzuki Alto 800 Lx,Maruti,2005,"70,000","47,000 kms",Petrol
Maruti Suzuki Alto,Maruti,2005,"100,000","40,000 kms",Petrol
Hyundai Venue,Hyundai,2019,"450,000","7,000 kms",Diesel
Maruti Suzuki Ritz,Maruti,2010,"150,000","38,000 kms",Diesel
Maruti Suzuki Alto 800 Lxi,Maruti,2017,"225,000","12,500 kms",Petrol
Maruti Suzuki Dzire,Maruti,2009,"210,000","42,000 kms",Petrol
Renault Lodgy,Renault,2016,"610,000","20,000 kms",Diesel
Hyundai i20 Asta,Hyundai,2014,"425,000","31,000 kms",Petrol
Maruti Suzuki Swift Select Variant,Maruti,2008,"162,000","60,000 kms",Diesel
Tata Indica V2 DLX BS III,Tata,2005,"60,000","80,000 kms",Diesel
Mahindra Scorpio VLX 2.2 mHawk Airbag BSIV,Mahindra,2014,"650,000","77,000 kms",Diesel
Toyota Innova 2.5 E 8 STR,Toyota,2012,"750,000","75,000 kms",Diesel
Mahindra Xylo E8,Mahindra,2010,"375,000","40,000 kms",Diesel
Hyundai i20 Magna 1.2,Hyundai,2011,"230,000","47,000 kms",Petrol
Maruti Suzuki Omni,Maruti,2000,"35,999","60,000 kms",Petrol
Mahindra KUV100,Mahindra,2016,"380,000","26,500 kms",Petrol
Mahindra KUV100 K8 6 STR,Mahindra,2019,"560,000","2,875 kms",Petrol
Datsun Go Plus,Datsun,2016,"285,000","13,900 kms",Petrol
Ford Endeavor 4x4 Thunder Plus,Ford,2019,"2,900,000","9,000 kms",Diesel
Tata Indica V2,Tata,2005,"39,999","80,000 kms",Diesel
Hyundai Santro Xing GL,Hyundai,2006,"85,000","60,000 kms",Petrol
Maruti Suzuki Wagon R 1.0 VXi,Maruti,2016,"395,000","20,000 kms",Petrol
Maruti Suzuki Swift Select Variant,Maruti,2008,"175,000","58,000 kms",Diesel
Maruti Suzuki Alto 800 Lx,Maruti,2019,"400,000","1,500 kms",Petrol
Toyota Innova 2.5 Z Diesel 7 Seater,Toyota,2011,"750,000","75,000 kms",Diesel
Tesla Cybertruck,Tesla,2016,"7,170,000","10,000 kms",Diesel
Maruti Suzuki Alto 800,Maruti,2016,"250,000","2,450 kms",Petrol
Maruti Suzuki Alto AX,Maruti,2019,"425,000","1,625 kms",Petrol
Maruti Suzuki Alto 800 Lx,Maruti,2019,"600,000","1,500 kms",Petrol
Volkswagen Polo Highline1.2L P,Volkswagen,2017,"525,000","45,000 kms",Petrol
Mahindra Logan,Mahindra,2009,"130,000","65,000 kms",Diesel
Maruti Suzuki 800 Std BS III,Maruti,2000,"30,000","33,400 kms",Petrol
Mahindra Scorpio,Mahindra,2011,"475,000","60,123 kms",Diesel
Chevrolet Sail 1.2 LS,Chevrolet,2013,"300,000","28,000 kms",Petrol
Rolls Royce wraith,RollRoyce,2015,"50,000,000","38,900 kms",Diesel
Hyundai Santro AE GLS Audio,Hyundai,2003,"60,000","70,000 kms",Petrol
Maruti Suzuki Wagon R VXi Minor,Maruti,2006,"100,000","7,000 kms",Petrol
Hyundai Eon,Hyundai,2018,"260,000","25,000 kms",Petrol
Tata Manza,Tata,2015,"100,000","1,00,000 kms",Diesel
Rolls Royce Phantom,RollRoyce,2019,"60,000,000","4,000 kms",Diesel
Toyota Etios G,Toyota,2013,"265,000","42,000 kms",Petrol
Hyundai Getz Prime 1.3 GLX,Hyundai,2009,"115,000","20,000 kms",Petrol
Toyota Qualis,Toyota,2003,"180,000","1,00,000 kms",Diesel
Hyundai Santro Xing,Hyundai,2004,"45,000","1,37,495 kms",Petrol
Tata Indica eV2 LS,Tata,2016,"50,500","91,200 kms",Diesel
Honda City 1.5 S MT,Honda,2009,"270,000","55,000 kms",Petrol
Tata Zest XE 75 PS Diesel,Tata,2017,"290,000","1,20,000 kms",Diesel
Mahindra Quanto C4,Mahindra,2013,"325,000","63,000 kms",Diesel
Tata Indigo eCS LX CR4 BS IV,Tata,2016,"160,000","1,04,000 kms",Diesel
Maruti Suzuki Swift Dzire,Maruti,2016,"350,000","1,46,000 kms",Diesel
Hyundai Elite i20,Hyundai,2011,"290,000","40,000 kms",Petrol
Hyundai i20 Select Variant,Hyundai,2011,"290,000","40,000 kms",Petrol
Chevrolet Tavera Neo,Chevrolet,2007,"465,000","1,00,800 kms",Diesel
Maruti Suzuki Dzire,Maruti,2016,"325,000","1,50,000 kms",Diesel
Hyundai Elite i20,Hyundai,2018,"510,000","2,100 kms",Petrol
Honda City VX Petrol,Honda,2016,"860,000","95,000 kms",Petrol
Maruti Suzuki Dzire,Maruti,2016,"450,000","2,500 kms",Diesel
Hyundai Getz,Hyundai,2006,"125,000","80,000 kms",Petrol
Mercedes Benz C Class 200 K MT,Mercedes,2006,"500,001","15,000 kms",Petrol
Maruti Suzuki Alto LXi BS III,Maruti,2005,"95,000","65,000 kms",Petrol
Maruti Suzuki Swift Dzire Tour VDi,Maruti,2009,"250,000","51,000 kms",Diesel
Skoda Fabia,Skoda,2009,"110,000","45,000 kms",Petrol
Rolls Royce Dawn,RollRoyce,2015,"43,400,000","70,000 kms",Petrol
Maruti Suzuki Ritz VXI ABS,Maruti,2011,"270,000","50,000 kms",Petrol
Rolls Royce Ghost,RollRoyce,2019,"64,450,000","23,000 kms",Diesel
Tata Indica V2 DLE BS III,Tata,2009,"110,000","30,000 kms",Diesel
Toyota Corolla Altis,Toyota,2009,"300,000","1,32,000 kms",Petrol
Porsche Taycan,Porsche,2018,"28,310,000","12,000 kms",Diesel
Tata Zest XM Diesel,Tata,2018,"260,000","27,000 kms",Diesel
Mahindra Quanto C8,Mahindra,2013,"390,000","40,000 kms",Diesel
Honda Amaze 1.2 E i VTEC,Honda,2014,"480,000","30,000 kms",Petrol
Chevrolet Sail 1.2 LT ABS,Chevrolet,2014,"360,000","30,000 kms",Petrol
